company_url,company_name,minimum_project_size,average_hourly_rates,employees,location,rating,reviews
https://hedgehoglab.com/?utm_source=clutch.co&utm_medium=referral&utm_campaign=uk-app-developers-london,hedgehog lab,"$100,000+",$100 - $149 / hr,50 - 249,"London, United Kingdom",4.7,49 REVIEWS
https://blink22.com/?utm_source=clutch.co&utm_medium=referral&utm_campaign=uk-app-developers-london,Blink22,"$25,000+",$50 - $99 / hr,50 - 249,"London, United Kingdom",4.9,20 REVIEWS
https://wearearch.com/?utm_source=clutch.co&utm_medium=referral,ARCH,"$25,000+",$100 - $149 / hr,2 - 9,"London, United Kingdom",4.8,20 REVIEWS
https://www.apadmi.com/?utm_source=clutch.co&utm_medium=referral&utm_campaign=profile,Apadmi,"$100,000+",$300+ / hr,50 - 249,"London, United Kingdom",4.8,28 REVIEWS
https://www.itechart.com/uk/?utm_source=clutch&utm_medium=referral&utm_campaign=app-devs-london,iTechArt Group,"$25,000+",$50 - $99 / hr,"1,000 - 9,999","London, United Kingdom",4.9,49 REVIEWS
https://www.digiruu.com/?utm_source=clutch.co&utm_medium=referral&utm_campaign=uk-app-developers-london,Digiruu,"$50,000+",$50 - $99 / hr,2 - 9,"London, United Kingdom",4.9,28 REVIEWS
https://www.binarymango.com/?utm_source=clutch.co&utm_medium=referral&utm_campaign=uk-app-developers-london,Binary Mango,"$10,000+",$100 - $149 / hr,2 - 9,"London, United Kingdom",4.9,15 REVIEWS
http://chimpareclutch.co.uk/,Chimpare,"$5,000+",$25 - $49 / hr,2 - 9,"London, United Kingdom",4.3,15 REVIEWS
https://tapptitude.com/?utm_source=clutch.co&utm_medium=referral&utm_campaign=directory,Tapptitude,"$50,000+",$50 - $99 / hr,50 - 249,"London, United Kingdom",5.0,50 REVIEWS
https://3sidedcube.com/contact/?utm_source=clutch.co&utm_medium=referral&utm_campaign=directory,3 SIDED CUBE,"$50,000+",$100 - $149 / hr,10 - 49,"London, United Kingdom",4.9,38 REVIEWS
https://dianapps.com/?utm_source=clutch.co&utm_medium=referral&utm_campaign=directory,DianApps,"$5,000+",$25 - $49 / hr,50 - 249,"London, United Kingdom",4.7,45 REVIEWS
https://appboxer.com.au/?utm_source=clutch.co&utm_medium=referral&utm_campaign=directory,App Boxer,"$10,000+",$50 - $99 / hr,10 - 49,"London, United Kingdom",4.9,18 REVIEWS
https://www.magora-systems.com/?utm_source=clutch.co&utm_medium=referral,Magora Systems,"$10,000+",$50 - $99 / hr,50 - 249,"London, United Kingdom",4.7,58 REVIEWS
https://www.fueled.com/?utm_source=clutch&utm_medium=referral&utm_campaign=fueledclutch,Fueled,"$75,000+",$150 - $199 / hr,50 - 249,"London, United Kingdom",4.9,37 REVIEWS
http://www.10pearls.com/?utm_source=clutch.co&utm_medium=referral,10Pearls,"$50,000+",$25 - $49 / hr,"1,000 - 9,999","London, United Kingdom",4.9,29 REVIEWS
https://softblues.io/?utm_source=clutch.co&utm_medium=referral&utm_campaign=directory,Softblues,"$5,000+",$25 - $49 / hr,50 - 249,"London, United Kingdom",5.0,23 REVIEWS
http://thisisglance.com/?utm_source=clutch.co&utm_medium=referral&utm_campaign=uk-app-developers-london,Glance,"$75,000+",$100 - $149 / hr,10 - 49,"London, United Kingdom",4.6,14 REVIEWS
https://sonin.agency/?utm_source=clutch.co&utm_medium=referral&utm_campaign=uk-app-developers,Sonin App Development,"$50,000+",$100 - $149 / hr,50 - 249,"Reigate, United Kingdom",4.9,21 REVIEWS
https://stakk.co.uk/?utm_source=clutch.co&utm_medium=referral&utm_campaign=directory,Stakk,"$50,000+",$50 - $99 / hr,10 - 49,"London, United Kingdom",4.9,21 REVIEWS
https://infinum.com/clutch-lp/?utm_source=clutch.co&utm_campaign=profile-info-company-website&utm_medium=referral,Infinum,"$25,000+",$50 - $99 / hr,50 - 249,"London, United Kingdom",4.8,40 REVIEWS
https://andersenlab.com/?utm_source=clutch&utm_medium=buttom,Andersen Inc.,"$25,000+",$25 - $49 / hr,"1,000 - 9,999","London, United Kingdom",4.9,97 REVIEWS
https://www.fortnight.studio/?utm_source=clutch.co&utm_medium=referral&utm_campaign=directory,Fortnight,"$10,000+",$100 - $149 / hr,2 - 9,"London, United Kingdom",4.7,31 REVIEWS
https://osedea.com/?utm_source=clutch&utm_medium=websitelink&utm_campaign=profile,Osedea,"$50,000+",$100 - $149 / hr,50 - 249,"London, United Kingdom",4.8,18 REVIEWS
https://www.cubezoo.co.za/?utm_source=clutch.co&utm_medium=referral&utm_campaign=directory,CubeZoo,"$10,000+",$25 - $49 / hr,10 - 49,"London, United Kingdom",5.0,19 REVIEWS
http://interexy.com/?utm_source=clutch.co&utm_medium=main&utm_campaign=profile,Interexy,"$10,000+",$50 - $99 / hr,50 - 249,"London, United Kingdom",4.9,32 REVIEWS
https://waracle.com/?utm_source=clutch.co&utm_medium=referral&utm_campaign=directory,Waracle,"$100,000+",$150 - $199 / hr,50 - 249,"London, United Kingdom",4.7,28 REVIEWS
https://light-it.net/?utm_source=clutch.co&utm_medium=referral&utm_campaign=directory,Light IT Global,"$25,000+",$25 - $49 / hr,50 - 249,"Rickmansworth, United Kingdom",4.9,36 REVIEWS
https://old.st/?utm_source=clutch.co&utm_medium=referral&utm_campaign=directory,Old.St Labs,"$5,000+",$50 - $99 / hr,10 - 49,"London, United Kingdom",5.0,10 REVIEWS
https://www.one-beyond.com/?utm_source=clutch.co&utm_medium=referral,One Beyond,"$50,000+",$50 - $99 / hr,250 - 999,"London, United Kingdom",4.8,55 REVIEWS
http://www.incepteo.com/?utm_source=clutch.co&utm_medium=referral&utm_campaign=directory,Incepteo,"$25,000+",$25 - $49 / hr,50 - 249,"London, United Kingdom",4.6,11 REVIEWS
https://powercode.co.uk/?utm_source=clutch.co&utm_medium=referral,Powercode,"$10,000+",$25 - $49 / hr,50 - 249,"London, United Kingdom",4.8,21 REVIEWS
https://www.heveloon.co.uk/?utm_source=clutch.co&utm_medium=referral&utm_campaign=directory,Heveloon ltd,"$25,000+",$50 - $99 / hr,10 - 49,"London, United Kingdom",4.9,4 REVIEWS
https://intellectsoft.net/?utm_source=clutch.co&utm_medium=referral&utm_campaign=directory,Intellectsoft,"$50,000+",$50 - $99 / hr,50 - 249,"London, United Kingdom",4.9,36 REVIEWS
https://www.appdrawn.com/?utm_source=clutch.co&utm_medium=referral,AppDrawn Software Development,"$10,000+",$50 - $99 / hr,10 - 49,"Watford, United Kingdom",5.0,8 REVIEWS
https://www.appetitecreative.com/?utm_source=clutch.co&utm_medium=referral,Appetite Creative,"$10,000+",$150 - $199 / hr,2 - 9,"London, United Kingdom",4.7,40 REVIEWS
http://coreblue.com/,CoreBlue,"$25,000+",$100 - $149 / hr,10 - 49,"London, United Kingdom",5.0,14 REVIEWS
http://www.techalchemy.co/?utm_source=clutch.co&utm_medium=referral&utm_campaign=uk-app-developers-london,Tech Alchemy,"$10,000+",$25 - $49 / hr,50 - 249,"London, United Kingdom",5.0,24 REVIEWS
https://th-ey.com/?utm_source=clutch.co&utm_medium=referral&utm_campaign=directory,TH-EY,"$1,000+",$25 - $49 / hr,10 - 49,"London, United Kingdom",5.0,13 REVIEWS
https://bitzesty.com/,Bit Zesty,"$25,000+",$150 - $199 / hr,10 - 49,"London, United Kingdom",4.6,4 REVIEWS
https://www.avamae.co.uk/software-development-cm/,AVAMAE Software Solutions Ltd,"$25,000+",$100 - $149 / hr,10 - 49,"London, United Kingdom",4.7,10 REVIEWS
https://www.clock.co.uk/?utm_source=clutch.co&utm_medium=referral&utm_campaign=directory,Clock Limited,"$25,000+",$150 - $199 / hr,10 - 49,"London, United Kingdom",4.8,14 REVIEWS
https://www.futureplatforms.com/?utm_source=clutch.co&utm_medium=referral&utm_campaign=uk-app-developers-london,Future Platforms,"$25,000+",$100 - $149 / hr,10 - 49,"London, United Kingdom",4.4,4 REVIEWS
https://www.pixelettetech.com/,Pixelette Technologies,"$5,000+",$25 - $49 / hr,10 - 49,"London, United Kingdom",4.7,8 REVIEWS
https://www.ingenious-app-studios.co.uk/?utm_source=clutch.co&utm_medium=referral&utm_campaign=uk-app-developers-london,Ingenious App Studios,"$5,000+",$25 - $49 / hr,2 - 9,"London, United Kingdom",4.9,11 REVIEWS
https://imobisoft.co.uk/?utm_source=clutch.co&utm_medium=referral&utm_campaign=directory,Imobisoft,"$5,000+",$50 - $99 / hr,10 - 49,"London, United Kingdom",4.9,10 REVIEWS
https://www.tivix.com/?utm_source=clutch&utm_medium=referral,Tivix,"$50,000+",$50 - $99 / hr,50 - 249,"London, United Kingdom",4.9,26 REVIEWS
http://www.sotechnology.co.uk/?utm_source=clutch.co&utm_medium=referral&utm_campaign=directory,SOtechnology,"$10,000+",$50 - $99 / hr,10 - 49,"London, United Kingdom",4.9,8 REVIEWS
https://web30india.com/?utm_source=clutch.co&utm_medium=referral&utm_campaign=directory,Web 3.0 India,"$5,000+",$25 - $49 / hr,50 - 249,"Hayes, United Kingdom",5.0,3 REVIEWS
https://www.roki.digital/,ROKi Digital,"$25,000+",$100 - $149 / hr,10 - 49,"London, United Kingdom",4.9,6 REVIEWS
https://www.contic.co.uk/?utm_source=clutch.co&utm_medium=referral&utm_campaign=directory,Contic,"$10,000+",Undisclosed,10 - 49,"London, United Kingdom",5.0,2 REVIEWS
